{
    "type": "minecraft:crafting_shaped",
    "pattern": [
        " 5 ",
        "131",
        "424"
    ],
    "key": {
        "1": {
            "item": "minecraft:gold_block"
        },
        "2": {
            "item": "minecraft:lapis_block"
        },
        "3": {
            "item": "minecraft:apple"
        },
        "4": {
            "item": "minecraft:diamond"
        },
        "5": {
            "item": "minecraft:enchanted_books"
        }
    },
    "result": {    
        "item": "minecraft:enchanted_golden_apple",    
        "count": 1    
        }
}