{
    "type": "minecraft:totem_of_undying",
    "pattern": [
        "555",
        "142",
        " 3 "
    ],
    "key": {
        "1": {
            "item": "minecraft:emerald"
        },        
        "2": {
            "item": "minecraft:ender_eye"
        },
        "3": {
            "item": "minecraft:end_crystal"
        },
        "4": {
            "item": "minecraft:respawn_anchor"
        },
        "5": {
            "item": "minecraft:gold_iron"
        },

    },
    "result": {    
        "item": "minecraft:totem_of_undying",    
        "count": 1    
        }
}